DateTime,Predicted_Cluster,Actual_Daily_Returns
2019-01-07,1.0,0.0012366317544296734
2019-01-08,1.0,0.0008233243993933659
2019-01-09,1.0,0.004936274860948275
2019-01-10,0.0,0.0004093421513269302
2019-01-11,1.0,0.0024549699112637047
2019-01-14,1.0,0.006938778624242747
2019-01-15,1.0,0.008917685961659094
2019-01-16,1.0,0.021293720355249457
2019-01-17,1.0,0.0055074504023702175
2019-01-18,1.0,0.01721441875004337
2019-01-22,1.0,-0.011538432194636461
2019-01-23,1.0,0.0011672676422693762
2019-01-24,1.0,0.0023319616929071696
2019-01-25,1.0,0.008142655177116431
2019-01-28,1.0,-0.0030769201425405734
2019-01-29,1.0,-0.003472228098880592
2019-01-30,1.0,0.005807186177829271
2019-01-31,1.0,-0.001539607732235826
2019-02-01,1.0,0.004240505040025377
2019-02-04,1.0,0.004222672306073205
2019-02-05,1.0,-0.002675829328460111
2019-02-06,1.0,-0.001149892160599797
2019-02-07,1.0,-0.009976985196090582
2019-02-08,1.0,-0.005038727310497926
2019-02-11,1.0,0.0031164753980632565
2019-02-12,1.0,0.014757248932038891
2019-02-13,1.0,0.002678974557588587
2019-02-14,1.0,-0.012213801283246672
2019-02-15,1.0,0.02125197693305414
2019-02-19,1.0,0.0015133941625748992
2019-02-20,1.0,0.006422367990322808
2019-02-21,1.0,-0.00525523246456383
2019-02-22,1.0,-0.00150946851046585
2019-02-25,1.0,0.004157241653727439
2019-02-26,1.0,-0.0030109117284498055
2019-02-27,1.0,0.003775023870659089
2019-02-28,1.0,-0.0026325571426296657
2019-03-01,1.0,0.006410259176454103
2019-03-04,1.0,-0.006369429482664057
2019-03-05,1.0,-0.0037707533839974605
2019-03-06,1.0,-0.006434522172711232
2019-03-07,0.0,-0.010285731724330338
2019-03-08,0.0,-0.00038492028706860193
2019-03-11,1.0,0.010396629376298483
2019-03-12,1.0,0.002286565032993071
2019-03-13,1.0,0.006844118266061905
2019-03-14,1.0,0.003776449516557534
2019-03-15,1.0,0.001881084892304985
2019-03-18,1.0,0.010138958582313284
2019-03-19,1.0,-0.007806657526046923
2019-03-20,0.0,-0.020607011367697492
2019-03-21,0.0,-0.0030604409171386404
2019-03-22,0.0,-0.02762852371871516
2019-03-25,0.0,-0.004340986964845306
2019-03-26,0.0,0.011890651995730694
2019-03-27,0.0,-0.004308680273914067
2019-03-28,0.0,0.00865457563706551
2019-03-29,0.0,0.0027300973670254525
2019-04-01,1.0,0.02450412643132749
2019-04-02,1.0,-0.0007593188173048437
2019-04-03,1.0,0.0030395108143481675
2019-04-04,1.0,0.006060600368335001
2019-04-05,1.0,0.001506058596824733
2019-04-08,1.0,0.0011277736127843774
2019-04-09,1.0,-0.008261333816275362
2019-04-10,1.0,0.0030291527515435845
2019-04-11,1.0,0.0060400093920180975
2019-04-12,1.0,0.018386483231971784
2019-04-15,1.0,-0.006263820195913206
2019-04-16,1.0,0.014089769291431686
2019-04-17,1.0,0.0025594037969975947
2019-04-18,1.0,-0.0029175756193822178
2019-04-22,1.0,-0.0029261127746730287
2019-04-23,1.0,0.006236246326726924
2019-04-24,1.0,-0.0010937180572996308
2019-04-25,1.0,0.001824859310412652
2019-04-26,1.0,0.009107467870730579
2019-04-29,1.0,0.010108258901981415
2019-04-30,1.0,0.0014296253102850098
2019-05-01,1.0,-0.008208406084183384
2019-05-02,1.0,0.0010794810474479277
2019-05-03,1.0,0.00898634086061878
2019-05-06,1.0,-0.006768811431773991
2019-05-07,1.0,-0.01649925027135668
2019-05-08,1.0,-0.0021881643244143767
2019-05-09,1.0,-0.0021930326006027734
2019-05-10,1.0,0.006593417956269665
2019-05-13,0.0,-0.02911205423533436
2019-05-14,0.0,0.00787103006261658
2019-05-15,0.0,-0.00371879793197738
2019-05-16,0.0,0.010078333004406526
2019-05-17,0.0,-0.006651896138022084
2019-05-20,0.0,0.001116097036816699
2019-05-21,1.0,0.010405079458684297
2019-05-22,0.0,-0.005884510638817231
2019-05-23,0.0,-0.014058492728894922
2019-05-24,0.0,0.00787996228244836
2019-05-28,0.0,-0.011541376256392955
2019-05-29,0.0,-0.0018832104895413204
2019-05-30,0.0,-0.0033962321731279
2019-05-31,0.0,-0.015145763757717923
2019-06-03,0.0,0.006535950588157702
2019-06-04,1.0,0.027119903598026074
2019-06-05,1.0,0.0063220557884946516
2019-06-06,1.0,0.0036955056704854883
2019-06-07,1.0,-0.0014727175124016334
2019-06-10,1.0,0.00848080878856372
2019-06-11,1.0,0.00036563907650277727
2019-06-12,1.0,-0.009868437563612997
2019-06-13,1.0,0.003322264750127424
2019-06-14,1.0,0.002207485845059365
2019-06-17,0.0,-0.009177679959640361
2019-06-18,1.0,0.013338296161706342
2019-06-19,1.0,-0.0018281953825147745
2019-06-20,1.0,0.004395635259597075
2019-06-21,1.0,-0.007293973828700562
2019-06-24,0.0,-0.0040410986692774875
2019-06-25,0.0,-0.003319813742590716
2019-06-26,0.0,-0.0018505234478934929
2019-06-27,1.0,0.00889876815826729
2019-06-28,1.0,0.014333013969839659
2019-07-01,1.0,0.01195651880960158
2019-07-02,1.0,-0.00250625471032484
2019-07-03,1.0,0.00789660116779567
2019-07-05,1.0,0.0028490001397230014
2019-07-08,1.0,-0.004971569261613573
2019-07-09,1.0,0.0017844124283978857
2019-07-10,1.0,-0.00356253589444
2019-07-11,1.0,0.005720409387679926
2019-07-12,1.0,0.0067543739956592574
2019-07-15,1.0,-0.0056497121870150435
2019-07-16,1.0,-0.002485784630806842
2019-07-17,1.0,-0.00854395762956428
2019-07-18,1.0,0.00754036199627417
2019-07-19,1.0,-0.004276512265455112
2019-07-22,1.0,0.002147439684879293
2019-07-23,1.0,0.01035717555454796
2019-07-24,1.0,0.010250936684117917
2019-07-25,1.0,-0.006997927370187229
2019-07-26,1.0,0.01092323408150575
2019-07-29,1.0,-0.0076682194704725815
2019-07-30,1.0,-0.0028099728006850677
2019-07-31,0.0,-0.00493129245009738
2019-08-01,0.0,-0.022654845651272293
2019-08-02,0.0,-0.0003621958949933113
2019-08-05,0.0,-0.033333335636894446
2019-08-06,0.0,0.01611695278325609
2019-08-07,0.0,-0.013279254970363197
2019-08-08,0.0,0.019065429117078203
2019-08-09,0.0,-0.003301546288783208
2019-08-12,0.0,-0.019138772775248336
2019-08-13,0.0,0.012382736526442395
2019-08-14,0.0,-0.03706449284532165
2019-08-15,0.0,0.0050038903158518
2019-08-16,0.0,0.01761773549290102
2019-08-19,0.0,0.010161854003192472
2019-08-20,0.0,-0.013412839355623207
2019-08-21,0.0,0.004531753825825824
2019-08-22,1.0,0.006766928668962446
2019-08-23,0.0,-0.02539209438911183
2019-08-26,0.0,0.009578543921305638
2019-08-27,0.0,-0.006072100383141765
2019-08-28,0.0,0.009163794052087448
2019-08-29,1.0,0.015134302455983573
2019-08-30,0.0,0.003354459666187859
2019-09-03,1.0,-0.010401214184693752
2019-09-04,0.0,0.00975976857502725
2019-09-05,1.0,0.020446139487314552
2019-09-06,1.0,-0.0003643070529650849
2019-09-09,1.0,0.015306124931471876
2019-09-10,1.0,0.003589320600515089
2019-09-11,1.0,0.005722523632563314
2019-09-12,1.0,0.0053342678976844304
2019-09-13,1.0,0.0077820767524634515
2019-09-16,1.0,-0.0035100169278028392
2019-09-17,1.0,0.0010567343180867272
2019-09-18,1.0,0.0035186622519800537
2019-09-19,1.0,-0.004558242146866509
2019-09-20,1.0,-0.010919319218281598
2019-09-23,1.0,0.0017805995879558445
2019-09-24,1.0,-0.009598242364413978
2019-09-25,1.0,0.008255546920227674
2019-09-26,1.0,-0.004628019487684432
2019-09-27,1.0,0.003934213660709673
2019-09-30,1.0,-0.002493754741191734
2019-10-01,0.0,-0.021071434020996094
2019-10-02,0.0,-0.02043048044727569
2019-10-03,0.0,0.004096785900935984
2019-10-04,0.0,0.018545994695080337
2019-10-07,0.0,-0.005098302779172337
2019-10-08,0.0,-0.019765703302003113
2019-10-09,0.0,0.009335324629945463
2019-10-10,0.0,0.010358815101148444
2019-10-11,1.0,0.012449657972783967
2019-10-15,1.0,0.014445634193408274
2019-10-16,1.0,-0.0024919791542887815
2019-10-17,1.0,0.0007137921997475427
2019-10-18,1.0,0.002496422701093959
2019-10-21,1.0,0.013874044154407628
2019-10-22,1.0,-0.002807014866879065
2019-10-23,1.0,0.004222408124956223
2019-10-24,1.0,-0.001401573729648331
2019-10-25,1.0,0.004912259285910103
2019-10-28,1.0,0.005237483557109179
2019-10-29,1.0,0.002431389114213589
2019-10-30,1.0,-0.0006930165398713051
2019-10-31,1.0,-0.004854347742986209
2019-11-01,1.0,0.014634148637476585
2019-11-04,1.0,0.008585164587515903
2019-11-05,1.0,0.0037452740582328836
2019-11-06,1.0,0.005088182499757732
2019-11-07,1.0,0.007424948623242722
2019-11-08,1.0,-0.00033501603866126217
2019-11-12,1.0,0.0013440526838399691
2019-11-13,1.0,-0.006375793005816477
2019-11-14,1.0,0.002026324373712196
2019-11-15,1.0,0.0026963236771264665
2019-11-18,1.0,0.0020167887711726173
2019-11-19,1.0,0.0020127935301095246
2019-11-20,1.0,-0.004687020215151438
2019-11-21,1.0,-0.0010090406915161942
2019-11-22,1.0,0.007407384097747771
2019-11-25,1.0,0.006350285213005513
2019-11-26,1.0,-0.000996369513031281
2019-11-27,1.0,0.003989389612292893
2019-11-29,1.0,-0.0016556669915894773
2019-12-02,1.0,-0.006301842005359326
2019-12-03,0.0,-0.014018630900525797
2019-12-04,1.0,0.009478631368277979
2019-12-05,1.0,0.00469481526093829
2019-12-06,1.0,0.013351186184989317
2019-12-09,1.0,-0.0023056552508878836
2019-12-10,1.0,0.0003300865378341733
2019-12-11,1.0,-0.0023102210094646525
2019-12-12,1.0,0.019517041400002766
2019-12-13,1.0,-0.003569130805995302
2019-12-16,1.0,0.0035819151296287988
2019-12-17,1.0,0.003893602868969337
2019-12-18,1.0,-0.004201715121890048
2019-12-19,1.0,-0.0003245773792658335
2019-12-20,1.0,-0.0038960693135464686
2019-12-23,1.0,-0.00228160671864186
2019-12-24,1.0,0.0022868243524487575
2019-12-26,1.0,0.005541071532038533
2019-12-27,1.0,-0.0025931903635926234
2019-12-30,1.0,-0.00292493179229647
2019-12-31,1.0,0.003259464813397006
2020-01-02,1.0,0.009746563689672083
2020-01-03,1.0,-0.010617758189064408
2020-01-06,1.0,-0.0006504213906884937
2020-01-07,0.0,-0.006508260936220811
2020-01-08,1.0,0.006550895875947482
2020-01-09,1.0,0.006182900647182743
2020-01-10,0.0,-0.007438536276481611
2020-01-13,1.0,0.006842589795318377
2020-01-14,0.0,-0.0019417303133688613
2020-01-15,1.0,-0.005512324106771493
2020-01-16,1.0,0.008803405839322709
2020-01-17,1.0,0.0029088607315574944
2020-01-21,1.0,-0.008378995266788203
2020-01-22,1.0,0.002924931792296359
2020-01-23,1.0,-0.0025923500364162244
2020-01-24,0.0,-0.012670607157142633
2020-01-27,0.0,-0.01546559140486814
2020-01-28,0.0,0.011697873682394722
2020-01-29,0.0,-0.0016518382442363144
2020-01-30,1.0,0.012574489634330055
2020-01-31,0.0,-0.020915074804529477
2020-02-03,0.0,0.007009379113436909
2020-02-04,0.0,0.009612164648503896
2020-02-05,1.0,0.020026284592454813
2020-02-06,1.0,-0.0012873836038490571
2020-02-07,1.0,-0.003544976084995821
2020-02-10,1.0,0.0029107423145480205
2020-02-11,1.0,0.003547262505845028
2020-02-12,1.0,0.000642626899377774
2020-02-13,1.0,-0.00032113775993725113
2020-02-14,1.0,0.0012849636162324263
2020-02-18,1.0,-0.008662189833262612
2020-02-19,1.0,0.00744335094851567
2020-02-20,1.0,-0.001927384092347717
2020-02-21,1.0,-0.009655591889514037
2020-02-24,0.0,-0.03249918703682331
2020-02-25,0.0,-0.033926779084695546
2020-02-26,0.0,-0.007301842494785604
2020-02-27,0.0,-0.04273202612807159
2020-02-28,0.0,-0.027076464441417203
2020-03-02,0.0,0.05114707042298372
2020-03-03,0.0,-0.03756712399813
2020-03-04,0.0,0.033085550543427544
2020-03-05,0.0,-0.048218787637361316
2020-03-06,0.0,-0.03402652173605791
2020-03-09,0.0,-0.10724069874506159
2020-03-10,0.0,0.058746172028133925
2020-03-11,0.0,-0.05424428516086699
2020-03-12,0.0,-0.10814357688644882
2020-03-13,0.0,0.13156594435665947
2020-03-16,0.0,-0.13709327340589905
2020-03-17,0.0,0.05429864036436949
2020-03-18,0.0,-0.08488311099577861
2020-03-19,0.0,0.02188640253284735
2020-03-20,0.0,-0.035696111226530935
2020-03-23,0.0,-0.06610259175496858
2020-03-24,0.0,0.12400909133521543
2020-03-25,0.0,0.02720397973809674
2020-03-26,0.0,0.06277590607949368
2020-03-27,1.0,-0.03045684564321338
2020-03-30,0.0,0.019038534705982713
2020-03-31,1.0,-0.027557223577430623
2020-04-01,0.0,-0.060999062266047455
2020-04-02,0.0,0.02506402545212949
2020-04-03,0.0,-0.019960155070101515
2020-04-06,0.0,0.07179225515430865
2020-04-07,0.0,0.00997629450986226
2020-04-08,1.0,0.043744134297438286
2020-04-09,1.0,0.0536276970393017
2020-04-13,1.0,-0.03635579571827896
2020-04-14,1.0,0.004438458513397414
2020-04-15,0.0,-0.043305328230057394
2020-04-16,0.0,-0.017551924594093937
2020-04-17,1.0,0.05265627211004431
2020-04-20,0.0,-0.017418463612319246
2020-04-21,0.0,-0.03227268565784802
2020-04-22,0.0,0.010803172021875529
2020-04-23,0.0,-0.004182163135383332
2020-04-24,0.0,0.0144656771594871
2020-04-27,1.0,0.03403862828468207
2020-04-28,1.0,0.010676146619453375
2020-04-29,1.0,0.029049289902820297
2020-04-30,1.0,-0.025235169618058162
2020-05-01,0.0,-0.03203165512326045
2020-05-04,0.0,-0.00906613147926838
2020-05-05,0.0,-0.003202181741525978
2020-05-06,0.0,-0.021569582421091416
2020-05-07,0.0,0.02345215793419464
2020-05-08,1.0,0.02153992792285009
2020-05-11,0.0,-0.019291174854831117
2020-05-12,0.0,-0.026075008184322623
2020-05-13,0.0,-0.02959140634210866
2020-05-14,0.0,0.02565347001742091
2020-05-15,0.0,-0.00660695108393472
2020-05-18,1.0,0.05130641150038673
2020-05-19,0.0,-0.024401221324407363
2020-05-20,1.0,0.022232493693558064
2020-05-21,1.0,-0.0031717125415563485
2020-05-22,1.0,-0.0036363601684570312
2020-05-26,1.0,0.05200727124455273
2020-05-27,1.0,0.04336513543623077
2020-05-28,1.0,-0.015793814181272126
2020-05-29,1.0,-0.01140204621131935
2020-06-01,1.0,0.011533552307712691
2020-06-02,1.0,0.008023671130725774
2020-06-03,1.0,0.037285268435786056
2020-06-04,1.0,0.021809329692526136
2020-06-05,1.0,0.03715417242703567
2020-06-08,1.0,0.01905487821498908
2020-06-09,1.0,-0.021316368724874635
2020-06-10,1.0,-0.03744744132133415
2020-06-11,0.0,-0.08177853633914911
2020-06-12,0.0,0.03026376087884186
2020-06-15,0.0,0.013848087484791494
2020-06-16,1.0,0.01572852113059664
2020-06-17,0.0,-0.015077458248963893
2020-06-18,0.0,-0.0012412365143071868
2020-06-19,0.0,-0.006627997160626453
2020-06-22,0.0,-0.011259402123345197
2020-06-23,0.0,0.004639418582837562
2020-06-24,0.0,-0.035264490484876565
2020-06-25,0.0,0.026544848672882093
2020-06-26,0.0,-0.04281476143911933
2020-06-29,0.0,0.01107174494440688
2020-06-30,0.0,0.01357860126931043
2020-07-01,0.0,-0.008642993122994325
2020-07-02,0.0,0.0013077061289661351
2020-07-06,0.0,0.019155443936030414
2020-07-07,0.0,-0.020504038674284297
2020-07-08,0.0,0.010466627471609424
2020-07-09,0.0,-0.021148026305770284
2020-07-10,1.0,0.03439148010588311
2020-07-13,1.0,0.004262591021834794
2020-07-14,1.0,0.005093414344379266
2020-07-15,1.0,0.01984794372032872
2020-07-16,1.0,0.0
2020-07-17,1.0,-0.008281526242234993
2020-07-20,1.0,-0.004592927217011988
2020-07-21,1.0,0.01971473617224251
2020-07-22,1.0,0.0
2020-07-23,1.0,0.0008227255533956868
2020-07-24,1.0,-0.002466069302528795
2020-07-27,1.0,-0.008240657567662901
2020-07-28,0.0,-0.002492707382762527
2020-07-29,1.0,0.018742142911331916
2020-07-30,0.0,-0.017988497268109027
2020-07-31,0.0,0.0004163292544236974
2020-08-03,0.0,0.0029130126019147884
2020-08-04,1.0,-0.0041493933563011565
2020-08-05,1.0,0.013749996821085464
2020-08-06,1.0,-0.00041102461624298314
2020-08-07,1.0,0.021381598038191507
2020-08-10,1.0,0.007246389052740332
2020-08-11,1.0,0.01159068756486481
2020-08-12,1.0,-0.0027656932556798797
2020-08-13,1.0,-0.006339138227536734
2020-08-14,1.0,0.003987256051592336
2020-08-17,0.0,-0.016679907514044356
2020-08-18,0.0,-0.006462029318783147
2020-08-19,0.0,-0.00040651336287655937
2020-08-20,0.0,-0.009353377015417608
2020-08-21,0.0,-0.002052592083594984
2020-08-24,1.0,0.023858491832491557
2020-08-25,1.0,0.002812362255554257
2020-08-26,1.0,-0.004807649690957594
2020-08-27,1.0,0.016908215527937198
2020-08-28,1.0,0.0039588432527162265
2020-08-31,1.0,-0.011829697838679043
2020-09-01,1.0,0.002793283940518476
2020-09-02,1.0,0.014325532158838472
2020-09-03,1.0,-0.015300093885851407
2020-09-04,1.0,0.007569742277688807
2020-09-08,0.0,-0.02570191784689968
2020-09-09,0.0,0.010146104147430668
2020-09-10,0.0,-0.014061811277772063
2020-09-11,0.0,0.00692739048912383
2020-09-14,1.0,0.013759618178275979
2020-09-15,0.0,-0.013572860796134179
2020-09-16,1.0,0.011331472967210932
2020-09-17,0.0,-0.010404170918894007
2020-09-18,0.0,-0.002021805013588951
2020-09-21,0.0,-0.030388978554538926
2020-09-22,0.0,-0.00835774176301185
2020-09-23,0.0,-0.022334546545335843
2020-09-24,0.0,0.0021551394575993754
2020-09-25,0.0,0.01032257080078125
2020-09-28,0.0,0.023839909382669333
2020-09-29,0.0,-0.012473981146671087
2020-09-30,0.0,0.013473671361019735
2020-10-01,0.0,0.00166185774966765
2020-10-02,1.0,0.007880490331775958
2020-10-05,1.0,0.01646096865998481
2020-10-06,1.0,-0.010121457177244553
2020-10-07,1.0,0.016768909391347453
2020-10-08,1.0,0.013676594699934208
2020-10-09,1.0,0.0011904277138352626
2020-10-13,1.0,-0.019208144520649673
2020-10-14,1.0,-0.00959231681563344
2020-10-15,1.0,0.007667418137376147
2020-10-16,1.0,0.0008009795079562121
2020-10-19,0.0,-0.015206048989475529
2020-10-20,1.0,0.008126731029283185
2020-10-21,0.0,-0.005239788938530832
2020-10-22,1.0,0.019854123381651823
2020-10-23,1.0,0.003178383927833206
2020-10-26,0.0,-0.022574245339572974
2020-10-27,0.0,-0.01823341804599088
2020-10-28,0.0,-0.025588070309453537
2020-10-29,0.0,0.0076239009115850465
2020-10-30,0.0,0.0029423998373421245
2020-11-02,0.0,0.018859968318508447
2020-11-03,1.0,0.022213119185126695
2020-11-04,0.0,-0.011670056783725125
2020-11-05,1.0,0.024429983490095397
2020-11-06,1.0,-0.007949155967901356
2020-11-09,1.0,0.08213145911870101
2020-11-10,1.0,0.0051832428160714095
2020-11-12,1.0,-0.016642039486065463
2020-11-13,1.0,0.016547594265989174
2020-11-16,1.0,0.02219750122503439
2020-11-17,1.0,-0.0014476658931650288
2020-11-18,1.0,-0.009423712484374569
2020-11-19,1.0,0.003293090114860453
2020-11-20,1.0,-0.008752726858146764
2020-11-23,1.0,0.018763805119778487
2020-11-24,1.0,0.03503067152929207
2020-11-25,1.0,-0.003489196859809307
2020-11-27,1.0,-0.0031512659058421377
2020-11-30,1.0,-0.020723574555118973
2020-12-01,1.0,0.015423253905951118
2020-12-02,1.0,0.01095024302033476
2020-12-03,1.0,0.00034934729932034614
2020-12-04,1.0,0.012224952584886095
2020-12-07,1.0,-0.006901271868529069
2020-12-08,1.0,-0.0003474714608494578
2020-12-09,1.0,-0.002433079378187153
2020-12-10,1.0,0.0017421336491778572
2020-12-11,1.0,-0.010086988366168503
2020-12-14,0.0,-0.011595219082515706
2020-12-15,1.0,0.017063685200321865
2020-12-16,1.0,0.001747613980912055
2020-12-17,1.0,0.0027913441776685755
2020-12-18,1.0,-0.008698677870249472
2020-12-21,1.0,0.00807299207034351
2020-12-22,0.0,-0.009749261350667116
2020-12-23,1.0,0.016525995236591262
2020-12-24,1.0,0.0013836359646650642
2020-12-28,1.0,0.0048359027965090284
2020-12-29,1.0,-0.003437620520632123
2020-12-30,1.0,0.0044843418388484935
2020-12-31,1.0,0.01236259243996396
2021-01-04,1.0,-0.013568508301948667
2021-01-05,1.0,0.004470397562162054
2021-01-06,1.0,0.044162990618273446
2021-01-07,1.0,0.014426247018282545
2021-01-08,1.0,-0.000646427195166166
2021-01-11,1.0,0.0032341649813383277
2021-01-12,1.0,0.010315915219276883
2021-01-13,1.0,-0.0006381766964356217
2021-01-14,1.0,0.004469967784564544
2021-01-15,1.0,-0.016528880023766068
2021-01-19,1.0,0.002585647133974467
2021-01-20,1.0,-0.004190878987646585
2021-01-21,1.0,-0.010683066695580612
2021-01-22,0.0,-0.007198930536620907
2021-01-25,1.0,-0.0072511308991910495
2021-01-26,0.0,-0.00796818304471203
2021-01-27,0.0,-0.02945111060036587
2021-01-28,0.0,0.01862072122508085
2021-01-29,0.0,-0.019972922623633482
2021-02-01,0.0,0.013126050112339138
2021-02-02,1.0,0.024207330162569596
2021-02-03,1.0,0.005659060045415831
2021-02-04,1.0,0.022178089898444053
2021-02-05,1.0,0.0003238416425022095
2021-02-08,1.0,0.012949224143168792
2021-02-09,1.0,0.00031953727199285353
2021-02-10,1.0,0.0
2021-02-11,1.0,-0.0031948395066633273
2021-02-12,1.0,0.010256400224333495
2021-02-16,1.0,0.017132008492542372
2021-02-17,1.0,0.004990637572005907
2021-02-18,1.0,-0.005897033960512776
2021-02-19,1.0,0.011863911414222494
2021-02-22,1.0,0.009256378848286229
2021-02-23,1.0,0.006114361618383413
2021-02-24,1.0,0.019446958146940307
2021-02-25,1.0,-0.0181818367875769
2021-02-26,1.0,-0.019125600476107563
2021-03-01,1.0,0.03125961865071658
2021-03-02,1.0,-0.003601408552936003
2021-03-03,1.0,0.007831274565012425
2021-03-04,1.0,-0.011356762218033278
2021-03-05,1.0,0.019044655941540478
2021-03-08,1.0,0.01275586819502017
2021-03-09,1.0,-0.009080186412883884
2021-03-10,1.0,0.020396056439925703
2021-03-11,1.0,-0.0028969376446189576
2021-03-12,1.0,0.010168573719859797
2021-03-15,1.0,-0.0057521069975940975
2021-03-16,1.0,-0.010413671204210662
2021-03-17,1.0,0.006723167155556098
2021-03-18,1.0,0.005226489905727938
2021-03-19,1.0,-0.01155394926408404
2021-03-22,0.0,-0.0172413831543331
2021-03-23,0.0,-0.01397565286278668
2021-03-24,0.0,0.003618785658532797
2021-03-25,1.0,0.01682696495888658
2021-03-26,1.0,0.01566190239087062
2021-03-29,1.0,-0.008728520406855234
2021-03-30,1.0,0.007044369844924292
2021-03-31,1.0,-0.007578027566995993
2021-04-01,1.0,0.012334860295251993
2021-04-05,1.0,0.007832911219472383
2021-04-06,1.0,-0.0020150693053935242
2021-04-07,1.0,0.004903432149438336
2021-04-08,1.0,0.00028697822874312884
2021-04-09,1.0,0.008608409322617083
2021-04-12,1.0,0.004267360019065913
2021-04-13,1.0,-0.009348385934551673
2021-04-14,1.0,0.006005120879101655
2021-04-15,1.0,-0.0008527225422582108
2021-04-16,1.0,0.007112375224676448
2021-04-19,1.0,-0.0028249232911827793
2021-04-20,0.0,-0.018696879934184008
2021-04-21,1.0,0.013856799962293609
2021-04-22,0.0,-0.01110476655779069
2021-04-23,1.0,0.018715851841242248
2021-04-26,1.0,0.003957020503727593
2021-04-27,1.0,0.0078828484146507
2021-04-28,1.0,0.003910597559552809
2021-04-29,1.0,0.017807546711203326
2021-04-30,1.0,-0.008748045244301172
2021-05-03,1.0,0.004964156509894124
2021-05-04,1.0,0.00795831302020944
2021-05-05,1.0,0.008167689648772791
2021-05-06,1.0,0.014852904938935874
2021-05-07,1.0,0.00532189831020502
2021-05-10,1.0,-0.0007940386518308085
2021-05-11,1.0,-0.017748295866100938
2021-05-12,1.0,-0.010248140489491075
2021-05-13,1.0,0.016076298101434627
2021-05-14,1.0,0.0158219398793904
2021-05-17,1.0,0.0018479327574025817
2021-05-18,1.0,-0.013965812472702788
2021-05-19,1.0,-0.006146433818567387
2021-05-20,1.0,0.0005377913014847913
2021-05-21,1.0,0.009943637615847933
2021-05-24,1.0,0.004789688136645376
2021-05-25,1.0,-0.010063486991298332
2021-05-26,1.0,0.002942766418982057
2021-05-27,1.0,0.011469631092993593
2021-05-28,1.0,0.001846084241428514
2021-06-01,1.0,0.006054212438327156
2021-06-02,1.0,0.0015697947848640759
2021-06-03,1.0,0.00235110123975657
2021-06-04,1.0,0.002606262486373412
2021-06-07,1.0,-0.0064985701083227765
2021-06-08,1.0,-0.002616490989649445
2021-06-09,1.0,-0.009443877806188716
2021-06-10,0.0,-0.011652506481779512
2021-06-11,0.0,0.006430913194784393
2021-06-14,0.0,-0.010383471514541442
2021-06-15,0.0,0.0018833337235182324
2021-06-16,0.0,-0.0010741384332974002
2021-06-17,0.0,-0.029569953394039894
2021-06-18,0.0,-0.02409969442265858
2021-06-21,0.0,0.019301740392035693
2021-06-22,0.0,0.0016708820257858026
2021-06-23,0.0,0.0019460576160317267
2021-06-24,0.0,0.012486147420678329
2021-06-25,1.0,0.01205805987717845
2021-06-28,0.0,-0.00731114149830725
2021-06-29,0.0,-0.003546128441252683
2021-06-30,0.0,0.0043799576446406085
2021-07-01,1.0,0.007904086300952962
2021-07-02,1.0,-0.0010816905360332418
2021-07-06,0.0,-0.015701083863550958
2021-07-07,0.0,0.0013751165077349192
2021-07-08,0.0,-0.020049424479418487
2021-07-09,1.0,0.028867678545043685
2021-07-12,1.0,0.009806609080081241
2021-07-13,1.0,-0.010790437798000707
2021-07-14,0.0,-0.004635892485243653
2021-07-15,0.0,0.0032876419694456427
2021-07-16,0.0,-0.013653741523314333
2021-07-19,0.0,-0.02796230208749073
2021-07-20,0.0,0.024779234313891285
2021-07-21,1.0,0.017231765974786928
2021-07-22,0.0,-0.010928899668246173
2021-07-23,0.0,0.0016573910440900175
2021-07-26,1.0,0.005791586057170228
2021-07-27,1.0,-0.0002742565367612748
2021-07-28,0.0,-0.0013713449894693364
2021-07-29,1.0,0.010986034813382117
2021-07-30,1.0,-0.0078783185196446
2021-08-02,1.0,0.00027377659933969234
2021-08-03,1.0,0.011223647991043917
2021-08-04,1.0,-0.008391921226808097
2021-08-05,1.0,0.013104000224945178
2021-08-06,1.0,0.020210185601311714
2021-08-09,1.0,0.002641269744030339
2021-08-10,1.0,0.010537448248846948
2021-08-11,1.0,0.011470245560690984
2021-08-12,1.0,0.0018041158814601221
2021-08-13,1.0,-0.007460692276793357
2021-08-16,1.0,-0.0025920757924345894
2021-08-17,1.0,-0.007016643996248351
2021-08-18,0.0,-0.012300377276471819
2021-08-19,0.0,-0.007419252333412785
2021-08-20,0.0,0.006139870471370434
2021-08-23,1.0,0.008225030103114372
2021-08-24,1.0,0.006052619532534997
2021-08-25,1.0,0.011770880678203977
2021-08-26,1.0,-0.004912063693814361
2021-08-27,1.0,0.013250150629767532
2021-08-30,1.0,-0.014102544540014028
2021-08-31,1.0,-0.0013003702488542102
2021-09-01,0.0,-0.005729198228152654
2021-09-02,1.0,0.003404951992564742
2021-09-03,0.0,-0.006264726438619306
2021-09-07,0.0,-0.006041490519570369
2021-09-08,0.0,-0.002378439540829058
2021-09-09,0.0,0.0029139234530215496
2021-09-10,0.0,-0.0073956358896708485
2021-09-13,0.0,0.011442162533105149
2021-09-14,0.0,-0.013417478098957214
2021-09-15,1.0,0.009600016276041679
2021-09-16,0.0,-0.0029054571732227696
2021-09-17,0.0,-0.0045032627535182
2021-09-20,0.0,-0.027408263539332345
2021-09-21,0.0,-0.001367968210785886
2021-09-22,0.0,0.016712345489083846
2021-09-23,1.0,0.024521687751152266
2021-09-24,1.0,0.005260409272262789
2021-09-27,1.0,0.013605453759514718
2021-09-28,1.0,-0.016520474396605977
2021-09-29,1.0,0.0007874696901766232
2021-09-30,0.0,-0.015735700813291675
2021-10-01,1.0,0.01652019096051882
2021-10-04,0.0,-0.008650113181013386
2021-10-05,1.0,0.01956641153987282
2021-10-06,1.0,0.0010372691754563235
2021-10-07,1.0,0.005958636425537733
2021-10-08,1.0,0.004893088275804036
2021-10-12,1.0,-0.0031064650478169753
2021-10-13,0.0,-0.005712734720074053
2021-10-14,1.0,0.01671453053919625
2021-10-15,1.0,0.01489848472328692
2021-10-18,1.0,0.0002531545985566819
2021-10-19,1.0,0.009868405494206423
2021-10-20,1.0,0.008018032975386502
2021-10-21,1.0,-0.004225656745703854
2021-10-22,1.0,0.013978970029869142
2021-10-25,1.0,-0.0012309019787122288
2021-10-26,1.0,0.0007394325738852014
2021-10-27,1.0,-0.01650241857453194
2021-10-28,1.0,0.012271421488219136
2021-10-29,1.0,-0.003958432859807459
2021-11-01,1.0,0.000496782417572561
2021-11-02,1.0,0.002482678546399386
2021-11-03,1.0,0.003714653472361773
2021-11-04,1.0,-0.013076703559330216
2021-11-05,1.0,0.0005000114440918413
2021-11-08,1.0,0.005497281852070657
2021-11-09,1.0,-0.00546722696449764
2021-11-10,0.0,-0.0017491177916925116
2021-11-12,1.0,0.002246633786884944
2021-11-15,1.0,0.0
2021-11-16,0.0,-0.0009962867747729254
2021-11-17,0.0,-0.011468438730313557
2021-11-18,0.0,-0.005044155239411929
2021-11-19,0.0,-0.010899880782251792
2021-11-22,0.0,0.01409531600738645
2021-11-23,1.0,0.015668408811381873
2021-11-24,1.0,-0.0022393668988104354
2021-11-26,0.0,-0.033167034088934955
2021-11-29,0.0,0.0030951490964126194
2021-11-30,0.0,-0.02391361069096143
2021-12-01,0.0,-0.011064230217990412
2021-12-02,0.0,0.02983481365397389
2021-12-03,0.0,-0.016295940781215434
2021-12-06,0.0,0.015251166175961783
2021-12-07,1.0,0.01787098202023829
2021-12-08,1.0,-0.005343488258254814
2021-12-09,1.0,-0.002046606095564174
2021-12-10,1.0,0.0010254016606823235
2021-12-13,0.0,-0.01075539506148604
2021-12-14,0.0,0.005953909807840274
2021-12-15,1.0,0.0028306898770933397
2021-12-16,1.0,0.012573719487317225
2021-12-17,0.0,-0.022047616626202804
2021-12-20,0.0,-0.02409951545733313
2021-12-21,0.0,0.020711598047190805
2021-12-22,0.0,0.004682630374776453
2021-12-23,0.0,0.005178683802974815
2021-12-27,1.0,0.010304006414823208
2021-12-28,1.0,0.0005099556010803585
2021-12-29,1.0,-0.0012742877459280821
2021-12-30,1.0,-0.0017861622168189317
2021-12-31,1.0,-0.001789358301008681
2022-01-03,1.0,0.012291921936346428
2022-01-04,1.0,0.02630915627733388
2022-01-05,1.0,-0.011584945137751435
2022-01-06,1.0,0.014713221322655512
2022-01-07,1.0,0.01179649934717042
2022-01-10,1.0,-0.003400519695772819
2022-01-11,1.0,0.00877408289208148
2022-01-12,1.0,0.0007247832746859473
2022-01-13,1.0,-0.0038628647034869568
2022-01-14,1.0,-0.010421631276142818
2022-01-18,0.0,-0.022287622368344806
2022-01-19,0.0,-0.016783522035993426
2022-01-20,0.0,-0.006369426751592355
2022-01-21,0.0,-0.020512800950270416
2022-01-24,0.0,0.0028795970721100517
2022-01-25,0.0,0.004176451100929901
2022-01-26,0.0,0.0025993883792048145
2022-01-27,0.0,-0.009074370673849419
2022-01-28,0.0,0.01308215552146974
2022-01-31,0.0,0.00878099539950683
2022-02-01,1.0,0.013824810083066685
2022-02-02,1.0,0.00681819364059133
2022-02-03,1.0,-0.011035832417770841
2022-02-04,1.0,0.016992091396391906
2022-02-07,1.0,0.002992587310433059
2022-02-08,1.0,0.013923360059608925
2022-02-09,1.0,0.006375726925290204
2022-02-10,1.0,-0.008771944500989504
2022-02-11,1.0,-0.01401179180305212
2022-02-14,0.0,-0.011219166195258423
2022-02-15,1.0,0.013615756873548657
2022-02-16,1.0,0.0007462382768044229
2022-02-17,0.0,-0.024857072119777945
2022-02-18,0.0,-0.00025486417664721817
2022-02-22,0.0,-0.0050994583558013895
2022-02-23,0.0,-0.017426968149624522
2022-02-24,0.0,-0.011997889479445023
2022-02-25,0.0,0.03220689998957682
2022-02-28,0.0,-0.014833709437131914
2022-03-01,0.0,-0.036864017828857176
2022-03-02,0.0,0.02587608999066604
2022-03-03,0.0,-0.0031529884984778933
2022-03-04,0.0,-0.018713735112600216
2022-03-07,0.0,-0.036529697208528944
2022-03-08,0.0,-0.005854449142065343
2022-03-09,0.0,0.036735877142357376
2022-03-10,0.0,-0.008385214039901556
2022-03-11,0.0,-0.007092152826387865
2022-03-14,0.0,0.012637336955758416
2022-03-15,0.0,0.014107445717665978
2022-03-16,1.0,0.028089866427430055
2022-03-17,1.0,0.01249022998762972
2022-03-18,1.0,0.0023130340000214744
2022-03-21,1.0,-0.004871759659204722
2022-03-22,1.0,0.016232858312948295
2022-03-23,1.0,-0.018509116826945338
2022-03-24,1.0,0.008008302263571077
2022-03-25,1.0,0.01281394141809944
2022-03-28,1.0,-0.0027834162215945035
2022-03-29,1.0,0.002283688224723468
2022-03-30,1.0,-0.007088576691060111
2022-03-31,0.0,-0.022947513969066913
2022-04-01,0.0,-0.0026095635416876206
2022-04-04,0.0,-0.004447984777941061
2022-04-05,0.0,-0.006307434128297595
2022-04-06,0.0,-0.006876543950991132
2022-04-07,0.0,-0.0010652707822444984
2022-04-08,0.0,0.01013066080159808
2022-04-11,0.0,-0.004486623691837721
2022-04-12,0.0,-0.010869560820350066
2022-04-13,0.0,0.0
2022-04-14,0.0,-0.011257088399445725
2022-04-18,0.0,0.005963708981921556
2022-04-19,0.0,0.013742880979391359
2022-04-20,1.0,0.006911274418195168
2022-04-21,0.0,-0.015839553112457327
2022-04-22,0.0,-0.029774695458627543
2022-04-25,0.0,0.0016588713389134035
2022-04-26,0.0,-0.02511730220562791
2022-04-27,0.0,-0.0008493425695377255
2022-04-28,0.0,0.012751509005335837
2022-04-29,0.0,-0.03441531343543014
2022-05-02,0.0,0.0002898330411646999
2022-05-03,0.0,0.013035943133605787
2022-05-04,0.0,0.030597645338106272
2022-05-05,0.0,-0.029134273275641553
2022-05-06,0.0,-0.007144898199387573
2022-05-09,0.0,-0.02389181901121573
2022-05-10,0.0,-0.008846925343865553
2022-05-11,0.0,-0.009223486095252809
2022-05-12,0.0,-0.007507507679512693
2022-05-13,0.0,0.014523435803837526
2022-05-16,0.0,-0.008350694586656493
2022-05-17,0.0,0.02676689893679507
2022-05-18,0.0,-0.02753364509414724
2022-05-19,0.0,-0.00662654263998419
2022-05-20,0.0,-0.0018193260801648847
2022-05-23,0.0,0.03250314612909255
2022-05-24,0.0,-0.0020595324387958636
2022-05-25,0.0,0.007959919585457609
2022-05-26,1.0,0.02310619910087386
2022-05-27,1.0,0.01686678560059729
2022-05-31,1.0,-0.002811315012061777
2022-06-01,1.0,-0.016069909083947898
2022-06-02,1.0,0.01375356794412741
2022-06-03,0.0,-0.014414983630118838
2022-06-06,1.0,0.0028678603923590895
2022-06-07,1.0,0.007720916496194663
2022-06-08,0.0,-0.017593720730924578
2022-06-09,0.0,-0.02512995259175188
2022-06-10,0.0,-0.03614818431712963
2022-06-13,0.0,-0.029818608968772198
2022-06-14,0.0,-0.008555087293534491
2022-06-15,0.0,0.011185633233631975
2022-06-16,0.0,-0.02528442643782991
2022-06-17,0.0,0.0029182928710309586
2022-06-21,0.0,0.014548944402982045
2022-06-22,0.0,-0.0022307105140667582
2022-06-23,0.0,-0.0038326072798339217
2022-06-24,0.0,0.03687077905864555
2022-06-27,0.0,-0.003401379401130278
2022-06-28,0.0,-0.009928628587315691
2022-06-29,0.0,-0.005640874523237582
2022-06-30,0.0,-0.008824418006188828
2022-07-01,0.0,0.013672444725891797
2022-07-05,0.0,-0.003450398529945553
2022-07-06,0.0,-0.00251809639765066
2022-07-07,0.0,0.014515651122407602
2022-07-08,0.0,-0.0021772843390963637
2022-07-11,0.0,-0.008104804282734746
2022-07-12,0.0,-0.006285319193662708
2022-07-13,0.0,-0.008855176469758419
2022-07-14,0.0,-0.019144874873913587
2022-07-15,0.0,0.033832170568344644
2022-07-18,0.0,-0.0037759860491074493
2022-07-19,1.0,0.030006341361909605
2022-07-20,1.0,0.0036798199827901
2022-07-21,1.0,0.006416104106621301
2022-07-22,1.0,-0.005768021694904535
2022-07-25,1.0,0.006412185785424684
2022-07-26,1.0,-0.013956283290352367
2022-07-27,1.0,0.01538461538461533
2022-07-28,1.0,0.00727277818181804
2022-07-29,1.0,0.014139512055303172
2022-08-01,1.0,-0.008306104624780208
2022-08-02,1.0,-0.011067871029228793
2022-08-03,1.0,0.015124016310657185
2022-08-04,1.0,-0.0032777296141325296
2022-08-05,1.0,0.007174823865338631
2022-08-08,1.0,-0.0005936615784785104
2022-08-09,1.0,0.005049064237828693
2022-08-10,1.0,0.02245857914025695
2022-08-11,1.0,0.01184970705087074
2022-08-12,1.0,0.015709885166627302
2022-08-15,1.0,-0.0002812749112540702
2022-08-16,1.0,0.007313703004511396
2022-08-17,1.0,-0.005026537231859307
2022-08-18,1.0,0.0011225680502680024
2022-08-19,1.0,-0.019904657160615957
2022-08-22,0.0,-0.022025185295432848
2022-08-23,0.0,-0.004094746863752996
2022-08-24,0.0,0.005286352693361085
2022-08-25,1.0,0.015483458511581505
2022-08-26,0.0,-0.02991936563755493
2022-08-29,0.0,-0.007117487241354081
2022-08-30,0.0,-0.005376353274697765
2022-08-31,0.0,-0.007507507679512693
2022-09-01,0.0,0.003025787931220991
2022-09-02,0.0,-0.007843201335224537
2022-09-06,0.0,-0.0024322899921548347
2022-09-07,0.0,0.01981096263259441
2022-09-08,1.0,0.017632999663221183
2022-09-09,1.0,0.00910429897906151
2022-09-12,1.0,0.00814897480567911
2022-09-13,0.0,-0.037240211843445836
2022-09-14,0.0,-0.002998455133324529
2022-09-15,0.0,0.003308289033129741
2022-09-16,0.0,-0.00899278272097681
2022-09-19,0.0,0.006049514168216641
2022-09-20,0.0,-0.014732347774704557
2022-09-21,0.0,-0.02075069562639198
2022-09-22,0.0,-0.01682770062198946
2022-09-23,0.0,-0.01584786092205892
2022-09-26,0.0,-0.015780991406058154
2022-09-27,0.0,-0.004253899314084708
2022-09-28,0.0,0.019717396498601936
2022-09-29,0.0,-0.012568523634126527
2022-09-30,0.0,-0.00913834154290083
2022-10-03,0.0,0.027009212066505528
2022-10-04,1.0,0.037203330213552155
2022-10-05,0.0,-0.007730364836748271
2022-10-06,0.0,-0.014023083851657736
2022-10-07,0.0,-0.02370417239152589
2022-10-11,0.0,-0.012682906980437059
2022-10-12,0.0,-0.0023056552508878836
2022-10-13,0.0,0.04126774388307197
2022-10-14,0.0,-0.01680407962146191
2022-10-17,1.0,0.0251531983517701
2022-10-18,1.0,0.01604272748806701
2022-10-19,1.0,-0.016408631325562473
2022-10-20,0.0,-0.016052887048580544
2022-10-21,1.0,0.029750428375489912
2022-10-24,1.0,0.013358195822319674
2022-10-25,1.0,0.01195583693701563
2022-10-26,1.0,0.002423563667357742
2022-10-27,1.0,0.0081595786194808
2022-10-28,1.0,0.02488003600635058
2022-10-31,1.0,-0.0061421202956295495
2022-11-01,1.0,0.0026486213596330632
2022-11-02,1.0,-0.012621083329246607
2022-11-03,1.0,-0.010107020177072767
2022-11-04,1.0,0.018318337066887125
2022-11-07,1.0,0.010026545388316821
2022-11-08,1.0,0.005839438333998581
2022-11-09,1.0,-0.01683604697270835
2022-11-10,1.0,0.050487243965046336
2022-11-14,1.0,-0.01421796310899437
2022-11-15,1.0,0.002262387301373625
2022-11-16,1.0,-0.004796788248665362
2022-11-17,1.0,-0.005386975453445464
2022-11-18,1.0,0.008266735624094412
2022-11-21,1.0,0.003109997559327171
2022-11-22,1.0,0.010146578776671245
2022-11-23,1.0,0.004185310456849445
2022-11-25,1.0,0.003334229640179487
2022-11-28,1.0,-0.017169729157352376
2022-11-29,1.0,0.005917133643242423
2022-11-30,1.0,0.017086851465415442
2022-12-01,1.0,-0.005783610333994771
2022-12-02,1.0,-0.004709090751545908
2022-12-05,0.0,-0.024770369665714442
2022-12-06,0.0,-0.008847070924408729
2022-12-07,0.0,-0.004031079513208136
2022-12-08,0.0,0.0008672673941758635
2022-12-09,0.0,-0.0025996578672624615
2022-12-12,0.0,0.013321833679847295
2022-12-13,0.0,0.002572167668861036
2022-12-14,0.0,-0.012542828347766433
2022-12-15,0.0,-0.019630494144263433
2022-12-16,0.0,-0.007656016741534044
2022-12-19,0.0,-0.00890205431064739
2022-12-20,0.0,0.004191598300975041
2022-12-21,0.0,0.015503889194079745
2022-12-22,0.0,-0.008808075196563792
2022-12-23,0.0,0.005628034727326758
2022-12-27,0.0,-0.0002946137262355153
2022-12-28,0.0,-0.00353561982145556
2022-12-29,0.0,0.013897138525848396
2022-12-30,0.0,-0.0026246762958567205
2023-01-03,1.0,0.003508740620111306
2023-01-04,1.0,0.016025618937971275
2023-01-05,1.0,-0.007456218224757727
2023-01-06,1.0,0.022247918063698968
2023-01-09,1.0,-0.0036744223909137563
2023-01-10,1.0,0.005673780508920645
2023-01-11,1.0,0.00930882959817625
2023-01-12,1.0,0.001956391761106513
2023-01-13,1.0,0.007531393842556966
2023-01-17,1.0,-0.006644459326317298
2023-01-18,0.0,-0.018673410359454357
2023-01-19,0.0,-0.011644415168216127
2023-01-20,1.0,0.01580457612409436
2023-01-23,1.0,0.011598298828189746
2023-01-24,1.0,0.000559296986479163
2023-01-25,1.0,0.00782567365978104
2023-01-26,1.0,0.005268957833421295
2023-01-27,1.0,0.0
2023-01-30,1.0,-0.004965525660021508
2023-01-31,1.0,0.013584743072152294
2023-02-01,1.0,0.0
2023-02-02,1.0,0.0027351879202648366
2023-02-03,1.0,-0.0019094297631089274
2023-02-06,1.0,-0.00027325284207457834
2023-02-07,1.0,0.011481633349420761
2023-02-08,1.0,-0.005945978937922147
2023-02-09,1.0,-0.011147358918426664
2023-02-10,1.0,0.003299498257890443
2023-02-13,1.0,0.011509951988911693
2023-02-14,1.0,-0.00541860644178449
2023-02-15,1.0,0.001089646323207516
2023-02-16,0.0,-0.01006799814652426
2023-02-17,0.0,0.0002748301605182135
2023-02-21,0.0,-0.02061005805384397
2023-02-22,0.0,-0.001122360163085756
2023-02-23,0.0,0.0008427695303401261
2023-02-24,0.0,0.0008419528037488799
2023-02-27,0.0,-0.00028037918048196
2023-02-28,0.0,0.00196352571747882
2023-03-01,0.0,-0.0033595392631867727
2023-03-02,0.0,-0.0047752296694307805
2023-03-03,1.0,0.015805852949496213
2023-03-06,1.0,0.0008335308797815522
2023-03-07,0.0,-0.025818997594580284
2023-03-08,0.0,-0.003704789613848014
2023-03-09,0.0,-0.040617797658238475
2023-03-10,0.0,-0.01818725681874278
2023-03-13,0.0,-0.03947771433732583
2023-03-14,0.0,0.020233996672786247
2023-03-15,0.0,-0.026650157984260514
2023-03-16,0.0,0.019102148217212678
2023-03-17,0.0,-0.032177408054411716
2023-03-20,0.0,0.006133006354586357
2023-03-21,0.0,0.025344851018448855
2023-03-22,0.0,-0.023153935929794422
2023-03-23,0.0,-0.006726428222015413
2023-03-24,0.0,-0.0006449679979378953
2023-03-27,0.0,0.013875453641549518
2023-03-28,0.0,-0.0003182759025319726
2023-03-29,0.0,0.014645049182506975
2023-03-30,1.0,-0.002196473206602323
2023-03-31,0.0,0.011006361547658772
2023-04-03,0.0,0.0018661759174554149
2023-04-04,1.0,-0.00931385425605824
2023-04-05,1.0,-0.0012534944407200932
2023-04-06,1.0,0.003765262879050546
2023-04-10,0.0,0.0021882339066490175
2023-04-11,1.0,0.008733586004464167
2023-04-12,0.0,-0.0021644927178090523
2023-04-13,1.0,0.008986703173646138
2023-04-14,1.0,0.009828000040771334
2023-04-17,1.0,0.011557093659989581
2023-04-18,1.0,0.003006683565928814
2023-04-19,1.0,0.00239802202919015
2023-04-20,1.0,-0.002990385114466587
2023-04-21,1.0,-0.00359924809044887
2023-04-24,1.0,-0.002408242869203381
2023-04-25,0.0,-0.01719974970796956
2023-04-26,0.0,-0.009518003614641724
2023-04-27,0.0,0.016119047934807007
2023-04-28,1.0,0.011897480298100227
2023-05-01,1.0,-0.0027131848917278933
2023-05-02,0.0,-0.02267230829763489
2023-05-03,0.0,-0.011444563118664153
2023-05-04,0.0,-0.012828531262734089
2023-05-05,0.0,0.024722745256928524
2023-05-08,0.0,0.0015465275047563676
2023-05-09,0.0,-0.0037060761011956656
2023-05-10,0.0,-0.005579556674487618
2023-05-11,0.0,-0.0015586985319123725
2023-05-12,0.0,-0.0040586689266634
2023-05-15,0.0,0.008150477491880581
2023-05-16,0.0,-0.009328334529973281
2023-05-17,1.0,0.02008786495253556
2023-05-18,1.0,0.0073846670769230904
2023-05-19,1.0,-0.004276212544131575
2023-05-22,1.0,0.0018405330091855188
2023-05-23,0.0,-0.011635060315082768
2023-05-24,0.0,-0.013011096184262771
2023-05-25,0.0,-0.0003138803732032347
2023-05-26,0.0,0.008163272394593246
2023-05-30,0.0,-0.0003114959838164122
2023-05-31,0.0,-0.010591846149567874
2023-06-01,0.0,0.010705234344742465
2023-06-02,1.0,0.021806878386732453
2023-06-05,0.0,-0.005182871124985611
2023-06-06,1.0,0.012565119031293648
2023-06-07,1.0,0.00393454145931571
2023-06-08,1.0,-0.0009043949639092608
2023-06-09,1.0,0.00030181461722023073
2023-06-12,1.0,-0.0003017235526417972
2023-06-13,1.0,0.006035026150360334
2023-06-14,1.0,-0.0038992521751726184
2023-06-15,1.0,0.013249095258541344
2023-06-16,1.0,-0.002080228578010157
2023-06-20,1.0,-0.011911897083608403
2023-06-21,0.0,-0.001205573091001555
2023-06-22,0.0,-0.007845453419483617
2023-06-23,0.0,-0.004257888794626519
2023-06-26,0.0,-0.002138164552919042
2023-06-27,0.0,0.007958437428919662
2023-06-28,0.0,-0.0024294512697624615
2023-06-29,1.0,0.017351589689517333
2023-06-30,1.0,0.008677466529511069
2023-07-03,1.0,0.005636382277262264
2023-07-05,1.0,-0.002064887659983805
2023-07-06,1.0,-0.008572299728968225
2023-07-07,1.0,0.0014907345168675423
2023-07-10,1.0,0.004465660218240686
2023-07-11,1.0,0.011855296079773092
2023-07-12,1.0,0.006444089766733496
2023-07-13,1.0,0.0034924019136546303
2023-07-14,1.0,-0.006670520455042017
2023-07-17,1.0,0.009635089957801046
2023-07-18,1.0,0.011278177241107024
2023-07-19,1.0,0.004289325305852021
2023-07-20,1.0,0.0074032501178245
2023-07-21,1.0,-0.003391824321435144
2023-07-24,1.0,0.009642659396504882
2023-07-25,1.0,-0.006460661575688587
2023-07-26,1.0,0.005937317091084582
2023-07-27,1.0,-0.012647575598118355
2023-07-28,1.0,0.001992590170677655
2023-07-31,1.0,0.0036932120823163217
2023-08-01,1.0,0.0
2023-08-02,0.0,-0.008491453048669606
2023-08-03,1.0,0.0005709522826329305
2023-08-04,1.0,-0.003994276539110664
2023-08-07,1.0,0.014036140951261489
2023-08-08,1.0,-0.009039539012174469
2023-08-09,0.0,-0.0074116910678238
2023-08-10,0.0,0.0008615387581791811
2023-08-11,1.0,0.0020085996524847882
2023-08-14,0.0,-0.002004573267316734
2023-08-15,0.0,-0.018364402228702725
2023-08-16,0.0,-0.0014615386845550082
2023-08-17,0.0,-0.00497652717129593
2023-08-18,0.0,-0.0002942670570550421
2023-08-21,0.0,-0.0011771899960629773
2023-08-22,0.0,-0.00942839445409982
2023-08-23,0.0,0.009815640735839404
2023-08-24,0.0,-0.003534578179325343
2023-08-25,0.0,0.004729525281859104
2023-08-28,0.0,0.005589838652099166
2023-08-29,1.0,0.009069671505452792
2023-08-30,1.0,0.0005797807777898623
2023-08-31,0.0,-0.0037669446019482633
2023-09-01,1.0,0.009016798980883367
2023-09-05,0.0,-0.010089319342077463
2023-09-06,0.0,-0.0005824245100407577
2023-09-07,0.0,-0.0026223820917301577
2023-09-08,0.0,0.002044980886951153
2023-09-11,0.0,0.004664718687201308
2023-09-12,1.0,0.006674392000781015
2023-09-13,1.0,0.0
2023-09-14,1.0,0.009224551915797408
2023-09-15,1.0,-0.005141288134323796
2023-09-18,0.0,-0.0017226922232751463
2023-09-19,1.0,-0.0011504433419819993
2023-09-20,0.0,-0.006910390596016502
2023-09-21,0.0,-0.016526630423019606
2023-09-22,0.0,-0.0076650452702924365
2023-09-25,0.0,0.0023767627139201775
2023-09-26,0.0,-0.013337307115174224
2023-09-27,0.0,-0.0015019295329614657
2023-09-28,0.0,0.007220151928594376
2023-09-29,0.0,-0.009259300404109494
2023-10-02,0.0,-0.00844132634167638
2023-10-03,0.0,-0.01581029089125896
2023-10-04,0.0,0.007414324571706876
2023-10-05,0.0,0.004599745686629131
2023-10-06,0.0,0.008547088213872067
2023-10-09,0.0,0.0006053407145723
2023-10-10,0.0,0.007259463212346606
2023-10-11,0.0,0.0015014786248073175
2023-10-12,0.0,-0.006296824410220281
2023-10-13,0.0,0.0021122418863437353
2023-10-16,0.0,0.01053906348892375
2023-10-17,0.0,0.0047675757111096395
2023-10-18,0.0,-0.01720052817490947
2023-10-19,0.0,-0.01327696544395296
2023-10-20,0.0,-0.015290519520925416
2023-10-23,0.0,-0.006211203670828613
2023-10-24,0.0,0.006875038146972656
2023-10-25,0.0,-0.0037244798893714126
2023-10-26,0.0,-0.0021806759548805843
2023-10-27,0.0,-0.01810796248710178
2023-10-30,0.0,0.017805963226571686
2023-10-31,0.0,0.010934155224021858
2023-11-01,0.0,0.006489464787138521
2023-11-02,1.0,0.02364140205644638
2023-11-03,1.0,0.013197319277001629
2023-11-06,1.0,-0.002960286493035036
2023-11-07,1.0,-0.0014845379040232531
2023-11-08,1.0,0.0011893279678780733
2023-11-09,1.0,-0.004157986256665858
2023-11-10,1.0,0.011333166774520231
2023-11-13,1.0,-0.0014744688081843593
2023-11-14,1.0,0.018901340168693936
2023-11-15,1.0,0.005507206571274903
2023-11-16,1.0,0.004035837702164313
2023-11-17,1.0,0.005167857579175594
2023-11-20,1.0,0.003998949231566407
2023-11-21,1.0,-0.0005690030411220626
2023-11-22,1.0,0.003985180341355088
2023-11-24,1.0,0.003118815109835138
2023-11-27,1.0,-0.003391824321435144
2023-11-28,1.0,-0.0002835598546903073
2023-11-29,1.0,0.007092198581560183
2023-11-30,1.0,0.011267648616307246
2023-12-01,1.0,0.007520797537342139
2023-12-04,1.0,-0.0011058087601568678
2023-12-05,1.0,-0.004982017709781683
2023-12-06,1.0,-0.005006962485556987
2023-12-07,1.0,0.004752534715397605
2023-12-08,1.0,0.005286656891106523
2023-12-11,1.0,0.006089050636646665
2023-12-12,1.0,0.007152741324475631
2023-12-13,1.0,0.016115819250247965
2023-12-14,1.0,0.009946207642376637
2023-12-15,1.0,-0.005855768498540637
2023-12-18,1.0,-0.001606360402807372
2023-12-19,1.0,0.00750868255356596
2023-12-20,1.0,-0.017833329102677986
2023-12-21,0.0,0.009756010277360616
2023-12-22,1.0,0.002147123891440117
2023-12-26,1.0,0.0040171806855686665
2023-12-27,1.0,0.0032008248859476396
2023-12-28,1.0,0.0029247702357464433
2023-12-29,1.0,-0.003181408873236591
2024-01-02,1.0,0.004255315222659872
2024-01-03,1.0,-0.008474568525643544
2024-01-04,1.0,0.004006451158678814
2024-01-05,1.0,0.004256447107279238
2024-01-08,1.0,0.006357660397350973
2024-01-09,1.0,-0.006317495903832793
2024-01-10,1.0,0.0015894403520799738
2024-01-11,0.0,-0.003702808761192
2024-01-12,0.0,-0.0018582346224251811
2024-01-16,1.0,-0.006914849257564359
2024-01-17,1.0,-0.0018746570577977684
2024-01-18,1.0,0.0016099107205274077
2024-01-19,1.0,0.01607282198475435
2024-01-22,1.0,0.004745591978052799
2024-01-23,1.0,0.0015743258366007762
2024-01-24,1.0,0.003929827955845955
2024-01-25,1.0,0.0049582105085832495
2024-01-26,1.0,0.003635502778149835
2024-01-29,1.0,0.0025872825400572452
2024-01-30,1.0,0.012645204645161279
2024-01-31,1.0,-0.012232501005336238
2024-02-01,1.0,0.0015480231533770983
2024-02-02,1.0,0.0041215829126717285
2024-02-05,1.0,-0.005900450101009258
2024-02-06,1.0,0.0020645633820564058
2024-02-07,1.0,0.007468377212337618
2024-02-08,1.0,-0.0038342974252840722
2024-02-09,1.0,0.00282269968965565
2024-02-12,1.0,0.004605846481877007
2024-02-13,1.0,-0.013499714733652413
2024-02-14,1.0,0.009553290375881929
2024-02-15,1.0,0.017135601273387202
2024-02-16,1.0,-0.003520226000427562
2024-02-20,1.0,-0.002775690320131363
2024-02-21,1.0,0.0030364101845852254
2024-02-22,1.0,0.011604417042266002
2024-02-23,1.0,0.0049875503877769845
2024-02-26,1.0,-0.004962798181781025
2024-02-27,1.0,0.002743157469758062
2024-02-28,1.0,0.003730453352256635
2024-02-29,1.0,-0.0004955514732708499
2024-03-01,1.0,-0.0012394456338974402
2024-03-04,1.0,0.0024819675316154477
2024-03-05,1.0,0.00024763892997325954
2024-03-06,1.0,0.005197996944087624
2024-03-07,1.0,-0.001477502398158581
2024-03-08,1.0,0.0017262563783291274
2024-03-11,1.0,0.0017232815525571876
2024-03-12,1.0,0.004177979586634795
2024-03-13,1.0,0.007342125124309096
2024-03-14,1.0,-0.008017444547638197
2024-03-15,1.0,-0.0009796941889167465
2024-03-18,1.0,0.0019612163413060824
2024-03-19,1.0,0.004893583757434872
2024-03-20,1.0,0.011930890725780685
2024-03-21,1.0,0.008180946615810258
2024-03-22,1.0,-0.011455926955924456
2024-03-25,1.0,-0.0038628647034869568
2024-03-26,1.0,0.003393194657767218
2024-03-27,1.0,0.011835696756272718
2024-03-28,1.0,0.005490559694139474
2024-04-01,1.0,-0.005460578064312771
2024-04-02,1.0,-0.005251879300754769
2024-04-03,1.0,-0.0004798810641971629
2024-04-04,1.0,-0.011284542700703004
2024-04-05,1.0,0.009470601912536125
2024-04-08,1.0,0.0043300530790764125
2024-04-09,1.0,-0.00574854323353291
2024-04-10,1.0,-0.01493613479750111
2024-04-11,0.0,-0.0070922210774296834
2024-04-12,0.0,-0.013300421702583831
2024-04-15,0.0,-0.004992530106921023
2024-04-16,0.0,-0.006773719358487695
2024-04-17,0.0,0.002525851824593861
2024-04-18,0.0,0.0035274177170541154
2024-04-19,0.0,0.013808667129704189
2024-04-22,1.0,0.012134666934331628
2024-04-23,1.0,0.006361686885869355
2024-04-24,1.0,-0.00024318346634377708
2024-04-25,1.0,-0.005836524075963356
2024-04-26,1.0,-0.0014677439266951309
2024-04-29,1.0,-0.00146990140305725
2024-04-30,0.0,-0.009813486902234936
2024-05-01,0.0,0.0
2024-05-02,1.0,0.0024776628495750685
2024-05-03,1.0,0.0022244230010977084
2024-05-06,1.0,0.012823686006100399
2024-05-07,1.0,0.0034087993837039754
2024-05-08,1.0,0.0036399303375724834
2024-05-09,1.0,0.007495105271254854
2024-05-10,1.0,0.0038397808768952935
2024-05-13,1.0,-0.004064116093735581
2024-05-14,1.0,0.005040784571335166
2024-05-15,1.0,0.007403902106501992
2024-05-16,1.0,0.0
2024-05-17,1.0,0.007349487258922149
2024-05-20,1.0,-0.01365031324206556
2024-05-21,1.0,0.006442387467112898
2024-05-22,1.0,-0.005689940178529418
2024-05-23,0.0,-0.01382923307937478
2024-05-24,1.0,0.006044487338267457
2024-05-28,0.0,-0.01105501268265352
2024-05-29,0.0,-0.008019485268965343
2024-05-30,0.0,0.005389544888483089
2024-05-31,1.0,0.014619845534508347
2024-06-03,1.0,-0.006243955940062662
2024-06-04,0.0,-0.0045916490213109284
2024-06-05,1.0,0.0029133952557167664
2024-06-06,1.0,-0.0004841553400819487
2024-06-07,1.0,0.004601565088305337
2024-06-10,1.0,-0.003857276981143465
2024-06-11,0.0,-0.011374666606350559
2024-06-12,0.0,-0.0009791212319238962
2024-06-13,0.0,-0.0007351774806302336
2024-06-14,0.0,-0.003187769919305916
2024-06-17,0.0,0.008856009363047868
2024-06-18,1.0,0.006339969480975816
2024-06-20,1.0,0.00533077828437345
2024-06-21,1.0,-0.0038563471310351094
2024-06-24,1.0,0.006290789015592102
2024-06-25,1.0,-0.007453747827690704
2024-06-26,0.0,-0.006298409138122518
2024-06-27,0.0,-0.00121889898836125
2024-06-28,0.0,0.003417119489312892
2024-07-01,0.0,0.0021892520372579494
2024-07-02,1.0,0.011650474110381559
2024-07-03,1.0,-0.003119027523113771
2024-07-05,1.0,-0.00024063349498892883
2024-07-08,1.0,-0.0026480647069616614
2024-07-09,1.0,0.007723864167682448
2024-07-10,1.0,0.003832331674541445
2024-07-11,1.0,0.007874059503444997
2024-07-12,1.0,0.003314379321663674
2024-07-15,1.0,0.014629516664906861
2024-07-16,1.0,0.011395387906976806
2024-07-17,1.0,0.007587905313325871
2024-07-18,1.0,-0.012094906047191878
2024-07-19,1.0,-0.010164066345594303
2024-07-22,1.0,0.005600972859118203
2024-07-23,1.0,0.0018565332112818744
2024-07-24,1.0,-0.013666814058728494
2024-07-25,1.0,0.003757628982266059
2024-07-26,1.0,0.01567613806916701
2024-07-29,1.0,-0.0013822016471304321
2024-07-30,1.0,0.011534025780842505
2024-07-31,1.0,-0.0025084788585797435
2024-08-01,1.0,-0.014174730779645262
2024-08-02,0.0,-0.024582504286890017
2024-08-05,0.0,-0.02900620972109269
2024-08-06,0.0,0.016160623039818578
2024-08-07,0.0,0.0012048008930252152
2024-08-08,0.0,0.016125198458366574
2024-08-09,1.0,0.004263389388238892
2024-08-12,0.0,-0.005188707848721386
2024-08-13,1.0,0.008297735220218927
2024-08-14,1.0,0.012226674645869018
2024-08-15,1.0,0.009291557095651548
2024-08-16,1.0,0.0073647799586959994
2024-08-19,1.0,0.005483158778303299
2024-08-20,1.0,-0.003181081423754839
2024-08-21,1.0,-0.0015956165153526713
2024-08-22,1.0,0.0057077626564994155
2024-08-23,1.0,0.008626585123650221
2024-08-26,1.0,0.0031510103238088227
2024-08-27,1.0,0.005160411573057244
2024-08-28,1.0,0.0024553708085905956
2024-08-29,1.0,0.008906736300110518
2024-08-30,1.0,0.00949018524997114
2024-09-03,1.0,-0.007433321854681041
2024-09-04,1.0,0.0011013047440548984
2024-09-05,1.0,-0.011001099925342706
2024-09-06,0.0,-0.014682977446271117
2024-09-09,1.0,0.014901779945114546
2024-09-10,1.0,-0.010233572305491823
2024-09-11,0.0,-0.0047202268548692805
2024-09-12,1.0,0.0022584076688165755
2024-09-13,1.0,0.0029291854158643993
2024-09-16,1.0,0.01303082126442745
2024-09-17,1.0,0.0053227251642185
2024-09-18,1.0,-0.003088532951476708
2024-09-19,1.0,0.011064395113844494
2024-09-20,1.0,-0.0006565721207820729
2024-09-23,1.0,-0.004818248388925528
2024-09-24,1.0,-0.008362615864926704
2024-09-25,1.0,-0.005992020628825645
